[{"id":"user-image-ardi.jpg","publicUrl":"np://user.desktop.nicepage.com/Site_1938327723/images/ardi.jpg","size":31460,"fileName":"ardi.jpg","name":"ardi","width":399,"height":399,"thumbnail":{"url":"np://user.desktop.nicepage.com/Site_1938327723/images/thumbnails/ardi.jpg","width":250,"height":250}},{"id":"user-image-104663.png","publicUrl":"np://user.desktop.nicepage.com/Site_1938327723/images/104663.png","size":2585,"fileName":"104663.png","name":"104663","width":128,"height":128,"thumbnail":{"url":"np://user.desktop.nicepage.com/Site_1938327723/images/thumbnails/104663.png","width":128,"height":128,"length":2585}},{"id":"user-image-bora.jpg","publicUrl":"np://user.desktop.nicepage.com/Site_1938327723/images/bora.jpg","size":20315,"fileName":"bora.jpg","name":"bora","width":293,"height":293,"thumbnail":{"url":"np://user.desktop.nicepage.com/Site_1938327723/images/thumbnails/bora.jpg","width":250,"height":250}},{"id":"user-image-efe.jpg","publicUrl":"np://user.desktop.nicepage.com/Site_1938327723/images/efe.jpg","size":18739,"fileName":"efe.jpg","name":"efe","width":408,"height":408,"thumbnail":{"url":"np://user.desktop.nicepage.com/Site_1938327723/images/thumbnails/efe.jpg","width":250,"height":250}},{"id":"user-image-efekan.jpeg","publicUrl":"np://user.desktop.nicepage.com/Site_1938327723/images/efekan.jpeg","size":105536,"fileName":"efekan.jpeg","name":"efekan","width":768,"height":1024,"thumbnail":{"url":"np://user.desktop.nicepage.com/Site_1938327723/images/thumbnails/efekan.jpeg","width":188,"height":250}},{"id":"user-image-est_szlk.jpeg","publicUrl":"np://user.desktop.nicepage.com/Site_1938327723/images/est_szlk.jpeg","size":5986,"fileName":"est_szlk.jpeg","name":"est_szlk","width":200,"height":200,"thumbnail":{"url":"np://user.desktop.nicepage.com/Site_1938327723/images/thumbnails/est_szlk.jpeg","width":200,"height":200,"length":5986}},{"id":"user-image-muro.jpg","publicUrl":"np://user.desktop.nicepage.com/Site_1938327723/images/muro.jpg","size":71536,"fileName":"muro.jpg","name":"muro","width":548,"height":548,"thumbnail":{"url":"np://user.desktop.nicepage.com/Site_1938327723/images/thumbnails/muro.jpg","width":250,"height":250}},{"id":"user-image-747452.png","publicUrl":"np://user.desktop.nicepage.com/Site_1938327723/images/747452.png","size":2883,"fileName":"747452.png","name":"747452","width":128,"height":128,"thumbnail":{"url":"np://user.desktop.nicepage.com/Site_1938327723/images/thumbnails/747452.png","width":128,"height":128,"length":2883,"type":"png"}},{"id":"user-image-2953363.png","publicUrl":"np://user.desktop.nicepage.com/Site_1938327723/images/2953363.png","size":5507,"fileName":"2953363.png","name":"2953363","width":128,"height":128,"thumbnail":{"url":"np://user.desktop.nicepage.com/Site_1938327723/images/thumbnails/2953363.png","width":128,"height":128,"length":5507,"type":"png"}},{"id":"user-image-2554339.png","publicUrl":"np://user.desktop.nicepage.com/Site_1938327723/images/2554339.png","size":3284,"fileName":"2554339.png","name":"2554339","width":128,"height":128,"thumbnail":{"url":"np://user.desktop.nicepage.com/Site_1938327723/images/thumbnails/2554339.png","width":128,"height":128,"length":3284,"type":"png"}},{"id":"user-image-1830769.png","publicUrl":"np://user.desktop.nicepage.com/Site_1938327723/images/1830769.png","size":5137,"fileName":"1830769.png","name":"1830769","width":128,"height":128,"thumbnail":{"url":"np://user.desktop.nicepage.com/Site_1938327723/images/thumbnails/1830769.png","width":128,"height":128,"length":5137,"type":"png"}},{"id":"user-image-estusozluklogo.png","publicUrl":"np://user.desktop.nicepage.com/Site_1938327723/images/estusozluklogo.png","size":9921,"fileName":"estusozluklogo.png","name":"estusozluklogo","width":200,"height":200,"thumbnail":{"url":"np://user.desktop.nicepage.com/Site_1938327723/images/thumbnails/estusozluklogo.png","width":200,"height":200,"length":9921,"type":"png"}},{"id":"user-image-WhatsAppGrsel2022-10-23saat16.42.54.jpg","publicUrl":"np://user.desktop.nicepage.com/Site_1938327723/images/WhatsAppGrsel2022-10-23saat16.42.54.jpg","size":65734,"fileName":"WhatsAppGrsel2022-10-23saat16.42.54.jpg","name":"WhatsAppGrsel2022-10-23saat16.42.54","width":997,"height":1267,"thumbnail":{"url":"np://user.desktop.nicepage.com/Site_1938327723/images/thumbnails/WhatsAppGrsel2022-10-23saat16.42.54.jpg","width":197,"height":250}}]